,mean,stdv,max,min
age,38.58164675532078,13.640432553581146,90,17
education_num,10.0806793403151,2.5727203320673406,16,1
capital_gain,1077.6488437087312,7385.292084839299,99999,0
capital_loss,87.303829734959,402.96021864905896,4356,0
hours_per_week,40.437455852092995,12.347428681730811,99,1
